"gene","BHI_mean","Serum_mean","HSerum_mean","BHI_norm","Serum_norm","HSerum_norm","any_insertions","serum_depleted","bhi_depleted","log2FC_serum","category","gene.y","product","COG","rna_log2FC","rna_padj"
"FGLBJAKE_02786",164,0,0.666666666666667,1637.36929333537,0,6.58835310937325,TRUE,TRUE,FALSE,-10.6780448660697,"Depleted in Serum","rpoN1","RNA polymerase sigma-54 factor 1","COG1508",2.13194203074297,5.43900867307462e-180
"FGLBJAKE_02731",97.6666666666667,0,79,975.100005990375,0,780.71984346073,TRUE,TRUE,FALSE,-9.93088515595954,"Depleted in Serum","","hypothetical protein","",-1.30037134098179,6.33693594328619e-21
"FGLBJAKE_02258",76.6666666666667,0,18.6666666666667,765.436864770602,0,184.473887062451,TRUE,TRUE,FALSE,-9.58202314456313,"Depleted in Serum","licT_3","Transcription antiterminator LicT","COG3711",2.04642296298383,1.08475991704345e-117
"FGLBJAKE_02403",67.3333333333333,0,0,672.253246450702,0,0,TRUE,TRUE,FALSE,-9.39500547124439,"Depleted in Serum","manX_6","PTS system mannose-specific EIIAB component","",1.59454596262958,3.56231415050948e-153
"FGLBJAKE_02395",55,0,0,549.117750813693,0,0,TRUE,TRUE,FALSE,-9.10359664538061,"Depleted in Serum","","hypothetical protein","",-1.80345227334425,1.82843168452925e-22
"FGLBJAKE_02473",54,0,0,539.133791707989,0,0,TRUE,TRUE,FALSE,-9.07717299839518,"Depleted in Serum","","hypothetical protein","",2.86599325475196,1.55851294686591e-35
"FGLBJAKE_01122",46,0,0,459.262118862361,0,0,TRUE,TRUE,FALSE,-8.84631189851438,"Depleted in Serum","","hypothetical protein","",3.30254457430429,1.08486345601379e-56
"FGLBJAKE_01182",40.6666666666667,0,1.66666666666667,406.014336965276,0,16.4708827734331,TRUE,TRUE,FALSE,-8.6689358036874,"Depleted in Serum","tsaD","tRNA N6-adenosine threonylcarbamoyltransferase","COG0533",-1.8764873121715,1.21898837878304e-169
"FGLBJAKE_01676",40.6666666666667,0,0,406.014336965276,0,0,TRUE,TRUE,FALSE,-8.6689358036874,"Depleted in Serum","glxK","Glycerate kinase","",-1.72471565984307,2.08083523618783e-13
"FGLBJAKE_00266",39.6666666666667,0,0,396.030377859572,0,0,TRUE,TRUE,FALSE,-8.63310558583488,"Depleted in Serum","trmL","tRNA (cytidine(34)-2'-O)-methyltransferase","COG0219",-1.42627247409132,6.74468075441322e-32
"FGLBJAKE_01846",38,0,21,379.390446016733,0,207.533122945257,TRUE,TRUE,FALSE,-8.57133720133237,"Depleted in Serum","yueI","putative protein YueI","COG5506",1.83890385482912,4.38034333986759e-101
"FGLBJAKE_00864",35.6666666666667,0,0,356.094541436758,0,0,TRUE,TRUE,FALSE,-8.48016227076589,"Depleted in Serum","carB","Carbamoyl-phosphate synthase large chain","COG0458",1.60918828402277,2.18495445989362e-62
"FGLBJAKE_00673",26.3333333333333,0,0.333333333333333,262.910923116859,0,3.29417655468662,TRUE,TRUE,FALSE,-8.04390725396826,"Depleted in Serum","ribX","Riboflavin transport system permease protein RibX","",1.69758514570469,4.11066313314037e-72
"FGLBJAKE_00722",26,0,0,259.582936748291,0,0,TRUE,TRUE,FALSE,-8.02559880754654,"Depleted in Serum","purH","Bifunctional purine biosynthesis protein PurH","",8.30988093603996,4.49903373208198e-167
"FGLBJAKE_02216",26,0,0,259.582936748291,0,0,TRUE,TRUE,FALSE,-8.02559880754654,"Depleted in Serum","","hypothetical protein","",-1.1313991057079,4.52302019430168e-09
"FGLBJAKE_01453",23.3333333333333,0,11,232.959045799748,0,108.707826304659,TRUE,TRUE,FALSE,-7.87011219995679,"Depleted in Serum","bglF_1","PTS system beta-glucoside-specific EIIBCA component","COG1263",3.07878035137534,0
"FGLBJAKE_01885",22.6666666666667,0,0,226.303073062613,0,0,TRUE,TRUE,FALSE,-7.82847337882367,"Depleted in Serum","","hypothetical protein","",1.50808373251676,3.14737210241002e-80
"FGLBJAKE_01066",20.6666666666667,0,0,206.335154851206,0,0,TRUE,TRUE,FALSE,-7.69582094408754,"Depleted in Serum","tcyP","L-cystine uptake protein TcyP","COG1823",-1.84748606081556,5.79694635393037e-261
"FGLBJAKE_00588",20.3333333333333,0,0,203.007168482638,0,0,TRUE,TRUE,FALSE,-7.67247603683743,"Depleted in Serum","","hypothetical protein","",2.53941804964032,3.97100705593243e-97
"FGLBJAKE_00080",20,0,0,199.67918211407,0,0,TRUE,TRUE,FALSE,-7.64874715316906,"Depleted in Serum","thiT","Thiamine transporter ThiT","",1.37954326759869,1.1309069894678e-47
"FGLBJAKE_00114",19.6666666666667,0,0,196.351195745502,0,0,TRUE,TRUE,FALSE,-7.62462145028205,"Depleted in Serum","hslO","33 kDa chaperonin","COG1281",-1.4933617620561,7.03971243778019e-86
"FGLBJAKE_00757",19.6666666666667,0,5.66666666666667,196.351195745502,0,56.0010014296726,TRUE,TRUE,FALSE,-7.62462145028205,"Depleted in Serum","","hypothetical protein","",-1.37584531952704,1.77556714708669e-44
"FGLBJAKE_00934",19.6666666666667,0,0,196.351195745502,0,0,TRUE,TRUE,FALSE,-7.62462145028205,"Depleted in Serum","yecS_1","L-cystine transport system permease protein YecS","COG0765",1.7449753703308,2.35058246653967e-55
"FGLBJAKE_00921",19.3333333333333,0,20.3333333333333,193.023209376934,0,200.944769835884,TRUE,TRUE,FALSE,-7.60008543007484,"Depleted in Serum","ygaZ_2","Inner membrane protein YgaZ","COG1296",-2.7682709928989,5.35039397956063e-200
"FGLBJAKE_01871",17.6666666666667,0,0,176.383277534095,0,0,TRUE,TRUE,FALSE,-7.47072619853554,"Depleted in Serum","","hypothetical protein","",-1.4489331503344,2.92778475665035e-61
"FGLBJAKE_02107",17.6666666666667,0,10.6666666666667,176.383277534095,0,105.413649749972,TRUE,TRUE,FALSE,-7.47072619853554,"Depleted in Serum","rbsK","Ribokinase","",1.44951144803621,1.15541060056557e-59
"FGLBJAKE_02112",17,0,0,169.72730479696,0,0,TRUE,TRUE,FALSE,-7.41555000001462,"Depleted in Serum","treA","Trehalose-6-phosphate hydrolase","COG0366",-2.75139579908291,0
"FGLBJAKE_00990",16.3333333333333,0,0,163.071332059824,0,0,TRUE,TRUE,FALSE,-7.35817937068472,"Depleted in Serum","yidA_1","Sugar phosphatase YidA","COG0561",4.35373424095571,1.82996292752548e-316
"FGLBJAKE_00815",16,0,11,159.743345691256,0,108.707826304659,TRUE,TRUE,FALSE,-7.32861520516974,"Depleted in Serum","","hypothetical protein","",-1.89602579052767,8.63245719857718e-222
"FGLBJAKE_03060",13.3333333333333,0,0,133.119454742713,0,0,TRUE,TRUE,FALSE,-7.06737471281191,"Depleted in Serum","","hypothetical protein","",1.94389301542104,7.29450021716016e-124
"FGLBJAKE_00456",12.6666666666667,0,0.333333333333333,126.463482005578,0,3.29417655468662,TRUE,TRUE,FALSE,-6.99394016724548,"Depleted in Serum","prfC","Peptide chain release factor 3","",-1.84888934894712,2.11676323734521e-214
"FGLBJAKE_00952",11.6666666666667,0,0,116.479522899874,0,0,TRUE,TRUE,FALSE,-6.87626550158364,"Depleted in Serum","uxuA_1","Mannonate dehydratase","COG1312",-1.76738650252756,4.27829477510672e-22
"FGLBJAKE_00877",11,0,7.66666666666667,109.823550162739,0,75.7660607577924,TRUE,TRUE,FALSE,-6.79212067849754,"Depleted in Serum","","hypothetical protein","",3.04932737451441,0
"FGLBJAKE_02129",9.66666666666667,0,0.666666666666667,96.5116046884672,0,6.58835310937325,TRUE,TRUE,FALSE,-6.6075020166239,"Depleted in Serum","efp","Elongation factor P","",-1.16922867095366,1.07629488345847e-76
"FGLBJAKE_02713",9.66666666666667,0,6.66666666666667,96.5116046884672,0,65.8835310937325,TRUE,TRUE,FALSE,-6.6075020166239,"Depleted in Serum","yrrK","Putative pre-16S rRNA nuclease","COG0816",1.52529905428629,8.97839696588304e-102
"FGLBJAKE_00530",9.33333333333333,0,0,93.1836183198994,0,0,TRUE,TRUE,FALSE,-6.55740424364395,"Depleted in Serum","ptsG_2","PTS system glucose-specific EIICBA component","",2.03245920304628,2.98517180378136e-06
"FGLBJAKE_00734",8.66666666666667,0,0,86.5276455827637,0,0,TRUE,TRUE,FALSE,-6.45166685864141,"Depleted in Serum","pdhB","Pyruvate dehydrogenase E1 component subunit beta","",-1.57977041016837,5.30424916079406e-130
"FGLBJAKE_00863",8.66666666666667,0,0,86.5276455827637,0,0,TRUE,TRUE,FALSE,-6.45166685864141,"Depleted in Serum","carA","Carbamoyl-phosphate synthase small chain","",1.76271081042206,2.35777477665247e-18
"FGLBJAKE_02221",8.66666666666667,0,0,86.5276455827637,0,0,TRUE,TRUE,FALSE,-6.45166685864141,"Depleted in Serum","metN2","Methionine import ATP-binding protein MetN 2","COG1135",-2.36593754888996,1.77840998163755e-173
"FGLBJAKE_02639",7.66666666666667,0,0,76.5436864770602,0,0,TRUE,TRUE,FALSE,-6.27693741826314,"Depleted in Serum","","hypothetical protein","",-2.00012787629544,3.74409386971951e-17
"FGLBJAKE_02286",7,0,44.6666666666667,69.8877137399245,0,441.419658328008,TRUE,TRUE,FALSE,-6.14746369608318,"Depleted in Serum","","hypothetical protein","",1.96174944092378,6.42848896454708e-130
"FGLBJAKE_00923",6.33333333333333,0,0,63.2317410027889,0,0,TRUE,TRUE,FALSE,-6.00521449614354,"Depleted in Serum","","hypothetical protein","",-1.58251088145962,8.39806714211463e-56
"FGLBJAKE_01718",6,0,1.33333333333333,59.903754634221,0,13.1767062187465,TRUE,TRUE,FALSE,-5.92845926596148,"Depleted in Serum","guaB","Inosine-5'-monophosphate dehydrogenase","COG0516",1.18737825547297,1.70219782010114e-98
"FGLBJAKE_02573",5,0,0,49.9197955285175,0,0,TRUE,TRUE,FALSE,-5.6701547209101,"Depleted in Serum","ywlC","Threonylcarbamoyl-AMP synthase","COG0009",-1.85749297117387,6.16041190155095e-126
"FGLBJAKE_02289",4.66666666666667,0,9.66666666666667,46.5918091599497,0,95.5311200859121,TRUE,TRUE,FALSE,-5.57264139318651,"Depleted in Serum","eat(A)","ABC-F type ribosomal protection protein Eat(A)","",1.83606591157354,3.56179357362174e-142
"FGLBJAKE_02827",4.33333333333333,0,0,43.2638227913818,0,0,TRUE,TRUE,FALSE,-5.46805614801473,"Depleted in Serum","","hypothetical protein","",-1.28076189489258,6.27002097812717e-08
"FGLBJAKE_02881",4,0,0,39.935836422814,0,0,TRUE,TRUE,FALSE,-5.35529246843525,"Depleted in Serum","glyQ","Glycine--tRNA ligase alpha subunit","COG0752",-3.27478663504171,0
"FGLBJAKE_00759",3.66666666666667,0,0,36.6078500542462,0,0,TRUE,TRUE,FALSE,-5.2329619283931,"Depleted in Serum","zosA","Zinc-transporting ATPase","COG2217",-2.23730059707623,1.89001007101397e-244
"FGLBJAKE_01376",3.66666666666667,0,0,36.6078500542462,0,0,TRUE,TRUE,FALSE,-5.2329619283931,"Depleted in Serum","vanX","D-alanyl-D-alanine dipeptidase","",1.41828723975628,5.829217924284e-62
"FGLBJAKE_02135",3,0,16.6666666666667,29.9518773171105,0,164.708827734331,TRUE,TRUE,FALSE,-4.95195501043185,"Depleted in Serum","asd","Aspartate-semialdehyde dehydrogenase","COG0136",2.44098712582703,4.15127640480378e-225
"FGLBJAKE_01150",2.66666666666667,0,0,26.6238909485427,0,0,TRUE,TRUE,FALSE,-4.78784463884279,"Depleted in Serum","","hypothetical protein","",2.70779604755095,9.48297457251102e-74
