"ID","Description","GeneRatio","BgRatio","RichFactor","FoldEnrichment","zScore","pvalue","p.adjust","qvalue","geneID","Count"
"GO:0006189","GO:0006189","11/146","11/986",1,6.75342465753425,7.99604749568272,5.39354096881993e-10,3.55122067997575e-07,3.1760697451862e-07,"FGLBJAKE_00711/FGLBJAKE_00713/FGLBJAKE_00721/FGLBJAKE_00716/FGLBJAKE_00720/FGLBJAKE_00723/FGLBJAKE_00722/FGLBJAKE_00719/FGLBJAKE_00715/FGLBJAKE_00718/FGLBJAKE_00717",11
"GO:0046040","GO:0046040","12/146","13/986",0.923076923076923,6.23393045310854,7.91585998236856,8.47546701664857e-10,3.55122067997575e-07,3.1760697451862e-07,"FGLBJAKE_00711/FGLBJAKE_00713/FGLBJAKE_00721/FGLBJAKE_00716/FGLBJAKE_00720/FGLBJAKE_01744/FGLBJAKE_00723/FGLBJAKE_00722/FGLBJAKE_00719/FGLBJAKE_00715/FGLBJAKE_00718/FGLBJAKE_00717",12
"GO:0006188","GO:0006188","11/146","12/986",0.916666666666667,6.19063926940639,7.53853391010411,5.65077138425592e-09,1.57844880666882e-06,1.41170148266323e-06,"FGLBJAKE_00711/FGLBJAKE_00713/FGLBJAKE_00721/FGLBJAKE_00716/FGLBJAKE_00720/FGLBJAKE_00723/FGLBJAKE_00722/FGLBJAKE_00719/FGLBJAKE_00715/FGLBJAKE_00718/FGLBJAKE_00717",11
"GO:0006553","GO:0006553","7/146","7/986",1,6.75342465753425,6.36559500830067,1.37780116531931e-06,0.000164942482362512,0.000147517959354489,"FGLBJAKE_02130/FGLBJAKE_02131/FGLBJAKE_02132/FGLBJAKE_02135/FGLBJAKE_02133/FGLBJAKE_02136/FGLBJAKE_02134",7
"GO:0009085","GO:0009085","7/146","7/986",1,6.75342465753425,6.36559500830067,1.37780116531931e-06,0.000164942482362512,0.000147517959354489,"FGLBJAKE_02130/FGLBJAKE_02131/FGLBJAKE_02132/FGLBJAKE_02135/FGLBJAKE_02133/FGLBJAKE_02136/FGLBJAKE_02134",7
"GO:0009089","GO:0009089","7/146","7/986",1,6.75342465753425,6.36559500830067,1.37780116531931e-06,0.000164942482362512,0.000147517959354489,"FGLBJAKE_02130/FGLBJAKE_02131/FGLBJAKE_02132/FGLBJAKE_02135/FGLBJAKE_02133/FGLBJAKE_02136/FGLBJAKE_02134",7
"GO:0046451","GO:0046451","7/146","7/986",1,6.75342465753425,6.36559500830067,1.37780116531931e-06,0.000164942482362512,0.000147517959354489,"FGLBJAKE_02130/FGLBJAKE_02131/FGLBJAKE_02132/FGLBJAKE_02135/FGLBJAKE_02133/FGLBJAKE_02136/FGLBJAKE_02134",7
"GO:0009156","GO:0009156","22/146","58/986",0.379310344827586,2.56164383561644,5.1083059450448,6.31253907878617e-06,0.000627019530851601,0.000560781190762894,"FGLBJAKE_00711/FGLBJAKE_00713/FGLBJAKE_00721/FGLBJAKE_00716/FGLBJAKE_00720/FGLBJAKE_01744/FGLBJAKE_00723/FGLBJAKE_00722/FGLBJAKE_00719/FGLBJAKE_00709/FGLBJAKE_00715/FGLBJAKE_01718/FGLBJAKE_00718/FGLBJAKE_00717/FGLBJAKE_00864/FGLBJAKE_00865/FGLBJAKE_00862/FGLBJAKE_00867/FGLBJAKE_00869/FGLBJAKE_00866/FGLBJAKE_00863/FGLBJAKE_00861",22
"GO:0044205","GO:0044205","8/146","10/986",0.8,5.4027397260274,5.83113375725131,6.73409997334655e-06,0.000627019530851601,0.000560781190762894,"FGLBJAKE_00864/FGLBJAKE_00865/FGLBJAKE_00862/FGLBJAKE_00867/FGLBJAKE_00869/FGLBJAKE_00866/FGLBJAKE_00863/FGLBJAKE_00861",8
"GO:0009161","GO:0009161","22/146","59/986",0.372881355932203,2.51822614348735,5.01161273854803,8.7980568746742e-06,0.000676203340552104,0.00060476922305376,"FGLBJAKE_00711/FGLBJAKE_00713/FGLBJAKE_00721/FGLBJAKE_00716/FGLBJAKE_00720/FGLBJAKE_01744/FGLBJAKE_00723/FGLBJAKE_00722/FGLBJAKE_00719/FGLBJAKE_00709/FGLBJAKE_00715/FGLBJAKE_01718/FGLBJAKE_00718/FGLBJAKE_00717/FGLBJAKE_00864/FGLBJAKE_00865/FGLBJAKE_00862/FGLBJAKE_00867/FGLBJAKE_00869/FGLBJAKE_00866/FGLBJAKE_00863/FGLBJAKE_00861",22
"GO:0009260","GO:0009260","25/146","72/986",0.347222222222222,2.34493911719939,4.9391324842806,8.8761775012806e-06,0.000676203340552104,0.00060476922305376,"FGLBJAKE_00711/FGLBJAKE_00713/FGLBJAKE_00721/FGLBJAKE_00716/FGLBJAKE_02275/FGLBJAKE_00720/FGLBJAKE_01744/FGLBJAKE_00723/FGLBJAKE_00722/FGLBJAKE_00719/FGLBJAKE_00709/FGLBJAKE_00715/FGLBJAKE_01718/FGLBJAKE_00718/FGLBJAKE_00717/FGLBJAKE_00864/FGLBJAKE_00865/FGLBJAKE_00862/FGLBJAKE_00859/FGLBJAKE_00867/FGLBJAKE_01118/FGLBJAKE_00869/FGLBJAKE_00866/FGLBJAKE_00863/FGLBJAKE_00861",25
"GO:0009259","GO:0009259","25/146","73/986",0.342465753424658,2.31281666353913,4.85718921431974,1.18078376461197e-05,0.000823719802980749,0.000736702047132638,"FGLBJAKE_00711/FGLBJAKE_00713/FGLBJAKE_00721/FGLBJAKE_00716/FGLBJAKE_02275/FGLBJAKE_00720/FGLBJAKE_01744/FGLBJAKE_00723/FGLBJAKE_00722/FGLBJAKE_00719/FGLBJAKE_00709/FGLBJAKE_00715/FGLBJAKE_01718/FGLBJAKE_00718/FGLBJAKE_00717/FGLBJAKE_00864/FGLBJAKE_00865/FGLBJAKE_00862/FGLBJAKE_00859/FGLBJAKE_00867/FGLBJAKE_01118/FGLBJAKE_00869/FGLBJAKE_00866/FGLBJAKE_00863/FGLBJAKE_00861",25
"GO:0009218","GO:0009218","10/146","16/986",0.625,4.2208904109589,5.4125880298156,1.37614286894159e-05,0.000823719802980749,0.000736702047132638,"FGLBJAKE_02275/FGLBJAKE_00864/FGLBJAKE_00865/FGLBJAKE_00862/FGLBJAKE_00859/FGLBJAKE_00867/FGLBJAKE_00869/FGLBJAKE_00866/FGLBJAKE_00863/FGLBJAKE_00861",10
"GO:0009220","GO:0009220","10/146","16/986",0.625,4.2208904109589,5.4125880298156,1.37614286894159e-05,0.000823719802980749,0.000736702047132638,"FGLBJAKE_02275/FGLBJAKE_00864/FGLBJAKE_00865/FGLBJAKE_00862/FGLBJAKE_00859/FGLBJAKE_00867/FGLBJAKE_00869/FGLBJAKE_00866/FGLBJAKE_00863/FGLBJAKE_00861",10
"GO:0009124","GO:0009124","22/146","61/986",0.360655737704918,2.4356613518976,4.82392959361689,1.65951538158957e-05,0.000927115926514709,0.000829175404695984,"FGLBJAKE_00711/FGLBJAKE_00713/FGLBJAKE_00721/FGLBJAKE_00716/FGLBJAKE_00720/FGLBJAKE_01744/FGLBJAKE_00723/FGLBJAKE_00722/FGLBJAKE_00719/FGLBJAKE_00709/FGLBJAKE_00715/FGLBJAKE_01718/FGLBJAKE_00718/FGLBJAKE_00717/FGLBJAKE_00864/FGLBJAKE_00865/FGLBJAKE_00862/FGLBJAKE_00867/FGLBJAKE_00869/FGLBJAKE_00866/FGLBJAKE_00863/FGLBJAKE_00861",22
"GO:0046390","GO:0046390","25/146","75/986",0.333333333333333,2.25114155251142,4.69713228434938,2.04599572684282e-05,0.00107159026193393,0.000958387472047426,"FGLBJAKE_00711/FGLBJAKE_00713/FGLBJAKE_00721/FGLBJAKE_00716/FGLBJAKE_02275/FGLBJAKE_00720/FGLBJAKE_01744/FGLBJAKE_00723/FGLBJAKE_00722/FGLBJAKE_00719/FGLBJAKE_00709/FGLBJAKE_00715/FGLBJAKE_01718/FGLBJAKE_00718/FGLBJAKE_00717/FGLBJAKE_00864/FGLBJAKE_00865/FGLBJAKE_00862/FGLBJAKE_00859/FGLBJAKE_00867/FGLBJAKE_01118/FGLBJAKE_00869/FGLBJAKE_00866/FGLBJAKE_00863/FGLBJAKE_00861",25
"GO:0009123","GO:0009123","22/146","65/986",0.338461538461538,2.28577449947313,4.46937269661433,5.30601173918836e-05,0.0021498977422566,0.00192278255556676,"FGLBJAKE_00711/FGLBJAKE_00713/FGLBJAKE_00721/FGLBJAKE_00716/FGLBJAKE_00720/FGLBJAKE_01744/FGLBJAKE_00723/FGLBJAKE_00722/FGLBJAKE_00719/FGLBJAKE_00709/FGLBJAKE_00715/FGLBJAKE_01718/FGLBJAKE_00718/FGLBJAKE_00717/FGLBJAKE_00864/FGLBJAKE_00865/FGLBJAKE_00862/FGLBJAKE_00867/FGLBJAKE_00869/FGLBJAKE_00866/FGLBJAKE_00863/FGLBJAKE_00861",22
"GO:0006222","GO:0006222","8/146","12/986",0.666666666666667,4.50228310502283,5.08647944495258,5.66961930355266e-05,0.0021498977422566,0.00192278255556676,"FGLBJAKE_00864/FGLBJAKE_00865/FGLBJAKE_00862/FGLBJAKE_00867/FGLBJAKE_00869/FGLBJAKE_00866/FGLBJAKE_00863/FGLBJAKE_00861",8
"GO:0009173","GO:0009173","8/146","12/986",0.666666666666667,4.50228310502283,5.08647944495258,5.66961930355266e-05,0.0021498977422566,0.00192278255556676,"FGLBJAKE_00864/FGLBJAKE_00865/FGLBJAKE_00862/FGLBJAKE_00867/FGLBJAKE_00869/FGLBJAKE_00866/FGLBJAKE_00863/FGLBJAKE_00861",8
"GO:0009174","GO:0009174","8/146","12/986",0.666666666666667,4.50228310502283,5.08647944495258,5.66961930355266e-05,0.0021498977422566,0.00192278255556676,"FGLBJAKE_00864/FGLBJAKE_00865/FGLBJAKE_00862/FGLBJAKE_00867/FGLBJAKE_00869/FGLBJAKE_00866/FGLBJAKE_00863/FGLBJAKE_00861",8
"GO:0046049","GO:0046049","8/146","12/986",0.666666666666667,4.50228310502283,5.08647944495258,5.66961930355266e-05,0.0021498977422566,0.00192278255556676,"FGLBJAKE_00864/FGLBJAKE_00865/FGLBJAKE_00862/FGLBJAKE_00867/FGLBJAKE_00869/FGLBJAKE_00866/FGLBJAKE_00863/FGLBJAKE_00861",8
"GO:0046131","GO:0046131","9/146","15/986",0.6,4.05205479452055,4.96344531138654,6.15722503748907e-05,0.0021498977422566,0.00192278255556676,"FGLBJAKE_02275/FGLBJAKE_00864/FGLBJAKE_00865/FGLBJAKE_00862/FGLBJAKE_00867/FGLBJAKE_00869/FGLBJAKE_00866/FGLBJAKE_00863/FGLBJAKE_00861",9
"GO:0046132","GO:0046132","9/146","15/986",0.6,4.05205479452055,4.96344531138654,6.15722503748907e-05,0.0021498977422566,0.00192278255556676,"FGLBJAKE_02275/FGLBJAKE_00864/FGLBJAKE_00865/FGLBJAKE_00862/FGLBJAKE_00867/FGLBJAKE_00869/FGLBJAKE_00866/FGLBJAKE_00863/FGLBJAKE_00861",9
"GO:0046134","GO:0046134","9/146","15/986",0.6,4.05205479452055,4.96344531138654,6.15722503748907e-05,0.0021498977422566,0.00192278255556676,"FGLBJAKE_02275/FGLBJAKE_00864/FGLBJAKE_00865/FGLBJAKE_00862/FGLBJAKE_00867/FGLBJAKE_00869/FGLBJAKE_00866/FGLBJAKE_00863/FGLBJAKE_00861",9
"GO:0019877","GO:0019877","5/146","5/986",1,6.75342465753425,5.37442279937659,6.71018482428917e-05,0.00224925395310173,0.00201164277679743,"FGLBJAKE_02132/FGLBJAKE_02135/FGLBJAKE_02133/FGLBJAKE_02136/FGLBJAKE_02134",5
"GO:0009067","GO:0009067","7/146","10/986",0.7,4.72739726027397,4.93668791334188,0.000111118824392602,0.00356412623704392,0.00318761195927053,"FGLBJAKE_02130/FGLBJAKE_02131/FGLBJAKE_02132/FGLBJAKE_02135/FGLBJAKE_02133/FGLBJAKE_02136/FGLBJAKE_02134",7
"GO:0019693","GO:0019693","25/146","82/986",0.304878048780488,2.05897093217508,4.17312746714846,0.000114834616229339,0.00356412623704392,0.00318761195927053,"FGLBJAKE_00711/FGLBJAKE_00713/FGLBJAKE_00721/FGLBJAKE_00716/FGLBJAKE_02275/FGLBJAKE_00720/FGLBJAKE_01744/FGLBJAKE_00723/FGLBJAKE_00722/FGLBJAKE_00719/FGLBJAKE_00709/FGLBJAKE_00715/FGLBJAKE_01718/FGLBJAKE_00718/FGLBJAKE_00717/FGLBJAKE_00864/FGLBJAKE_00865/FGLBJAKE_00862/FGLBJAKE_00859/FGLBJAKE_00867/FGLBJAKE_01118/FGLBJAKE_00869/FGLBJAKE_00866/FGLBJAKE_00863/FGLBJAKE_00861",25
"GO:0006220","GO:0006220","10/146","20/986",0.5,3.37671232876712,4.47463848697849,0.000184997083508651,0.00534577779242241,0.00478104985329073,"FGLBJAKE_02275/FGLBJAKE_00864/FGLBJAKE_00865/FGLBJAKE_00862/FGLBJAKE_00859/FGLBJAKE_00867/FGLBJAKE_00869/FGLBJAKE_00866/FGLBJAKE_00863/FGLBJAKE_00861",10
"GO:0006221","GO:0006221","10/146","20/986",0.5,3.37671232876712,4.47463848697849,0.000184997083508651,0.00534577779242241,0.00478104985329073,"FGLBJAKE_02275/FGLBJAKE_00864/FGLBJAKE_00865/FGLBJAKE_00862/FGLBJAKE_00859/FGLBJAKE_00867/FGLBJAKE_00869/FGLBJAKE_00866/FGLBJAKE_00863/FGLBJAKE_00861",10
"GO:0055072","GO:0055072","6/146","8/986",0.75,5.06506849315068,4.81058988438881,0.000208022643561811,0.00581076584349325,0.00519691656898278,"FGLBJAKE_01847/FGLBJAKE_01848/FGLBJAKE_01849/FGLBJAKE_01850/FGLBJAKE_01149/FGLBJAKE_01354",6
"GO:0006213","GO:0006213","9/146","17/986",0.529411764705882,3.57534246575342,4.46326282326989,0.000228621430590827,0.0061801535108101,0.00552728212498027,"FGLBJAKE_02275/FGLBJAKE_00864/FGLBJAKE_00865/FGLBJAKE_00862/FGLBJAKE_00867/FGLBJAKE_00869/FGLBJAKE_00866/FGLBJAKE_00863/FGLBJAKE_00861",9
"GO:0009129","GO:0009129","8/146","14/986",0.571428571428571,3.85909980430528,4.48967703644993,0.0002634170671427,0.00652355223465306,0.00583440420936186,"FGLBJAKE_00864/FGLBJAKE_00865/FGLBJAKE_00862/FGLBJAKE_00867/FGLBJAKE_00869/FGLBJAKE_00866/FGLBJAKE_00863/FGLBJAKE_00861",8
"GO:0009130","GO:0009130","8/146","14/986",0.571428571428571,3.85909980430528,4.48967703644993,0.0002634170671427,0.00652355223465306,0.00583440420936186,"FGLBJAKE_00864/FGLBJAKE_00865/FGLBJAKE_00862/FGLBJAKE_00867/FGLBJAKE_00869/FGLBJAKE_00866/FGLBJAKE_00863/FGLBJAKE_00861",8
"GO:0009165","GO:0009165","25/146","86/986",0.290697674418605,1.96320484230647,3.89584373097867,0.000272463398822025,0.00652355223465306,0.00583440420936186,"FGLBJAKE_00711/FGLBJAKE_00713/FGLBJAKE_00721/FGLBJAKE_00716/FGLBJAKE_02275/FGLBJAKE_00720/FGLBJAKE_01744/FGLBJAKE_00723/FGLBJAKE_00722/FGLBJAKE_00719/FGLBJAKE_00709/FGLBJAKE_00715/FGLBJAKE_01718/FGLBJAKE_00718/FGLBJAKE_00717/FGLBJAKE_00864/FGLBJAKE_00865/FGLBJAKE_00862/FGLBJAKE_00859/FGLBJAKE_00867/FGLBJAKE_01118/FGLBJAKE_00869/FGLBJAKE_00866/FGLBJAKE_00863/FGLBJAKE_00861",25
"GO:1901293","GO:1901293","25/146","86/986",0.290697674418605,1.96320484230647,3.89584373097867,0.000272463398822025,0.00652355223465306,0.00583440420936186,"FGLBJAKE_00711/FGLBJAKE_00713/FGLBJAKE_00721/FGLBJAKE_00716/FGLBJAKE_02275/FGLBJAKE_00720/FGLBJAKE_01744/FGLBJAKE_00723/FGLBJAKE_00722/FGLBJAKE_00719/FGLBJAKE_00709/FGLBJAKE_00715/FGLBJAKE_01718/FGLBJAKE_00718/FGLBJAKE_00717/FGLBJAKE_00864/FGLBJAKE_00865/FGLBJAKE_00862/FGLBJAKE_00859/FGLBJAKE_00867/FGLBJAKE_01118/FGLBJAKE_00869/FGLBJAKE_00866/FGLBJAKE_00863/FGLBJAKE_00861",25
"GO:0006144","GO:0006144","5/146","6/986",0.833333333333333,5.62785388127854,4.73802257492858,0.000354388048671174,0.00802641039963361,0.00717850044534497,"FGLBJAKE_00219/FGLBJAKE_00723/FGLBJAKE_00719/FGLBJAKE_00709/FGLBJAKE_00862",5
"GO:0006817","GO:0006817","5/146","6/986",0.833333333333333,5.62785388127854,4.73802257492858,0.000354388048671174,0.00802641039963361,0.00717850044534497,"FGLBJAKE_02964/FGLBJAKE_02835/FGLBJAKE_02837/FGLBJAKE_02836/FGLBJAKE_02960",5
"GO:0015074","GO:0015074","8/146","15/986",0.533333333333333,3.60182648401826,4.231255443489,0.000494096857734482,0.0104363167027514,0.00933382425870998,"FGLBJAKE_01566/FGLBJAKE_01375/FGLBJAKE_01421/FGLBJAKE_01452/FGLBJAKE_01367/FGLBJAKE_01444/FGLBJAKE_01422/FGLBJAKE_01397",8
"GO:0048878","GO:0048878","6/146","9/986",0.666666666666667,4.50228310502283,4.3982521339522,0.000547968896087187,0.0104363167027514,0.00933382425870998,"FGLBJAKE_01847/FGLBJAKE_01848/FGLBJAKE_01849/FGLBJAKE_01850/FGLBJAKE_01149/FGLBJAKE_01354",6
"GO:0050801","GO:0050801","6/146","9/986",0.666666666666667,4.50228310502283,4.3982521339522,0.000547968896087187,0.0104363167027514,0.00933382425870998,"FGLBJAKE_01847/FGLBJAKE_01848/FGLBJAKE_01849/FGLBJAKE_01850/FGLBJAKE_01149/FGLBJAKE_01354",6
"GO:0055065","GO:0055065","6/146","9/986",0.666666666666667,4.50228310502283,4.3982521339522,0.000547968896087187,0.0104363167027514,0.00933382425870998,"FGLBJAKE_01847/FGLBJAKE_01848/FGLBJAKE_01849/FGLBJAKE_01850/FGLBJAKE_01149/FGLBJAKE_01354",6
"GO:0055076","GO:0055076","6/146","9/986",0.666666666666667,4.50228310502283,4.3982521339522,0.000547968896087187,0.0104363167027514,0.00933382425870998,"FGLBJAKE_01847/FGLBJAKE_01848/FGLBJAKE_01849/FGLBJAKE_01850/FGLBJAKE_01149/FGLBJAKE_01354",6
"GO:0055080","GO:0055080","6/146","9/986",0.666666666666667,4.50228310502283,4.3982521339522,0.000547968896087187,0.0104363167027514,0.00933382425870998,"FGLBJAKE_01847/FGLBJAKE_01848/FGLBJAKE_01849/FGLBJAKE_01850/FGLBJAKE_01149/FGLBJAKE_01354",6
"GO:0098771","GO:0098771","6/146","9/986",0.666666666666667,4.50228310502283,4.3982521339522,0.000547968896087187,0.0104363167027514,0.00933382425870998,"FGLBJAKE_01847/FGLBJAKE_01848/FGLBJAKE_01849/FGLBJAKE_01850/FGLBJAKE_01149/FGLBJAKE_01354",6
"GO:0009066","GO:0009066","7/146","12/986",0.583333333333333,3.93949771689498,4.26912795656874,0.000563288029013257,0.0104896748514024,0.00938154565280559,"FGLBJAKE_02130/FGLBJAKE_02131/FGLBJAKE_02132/FGLBJAKE_02135/FGLBJAKE_02133/FGLBJAKE_02136/FGLBJAKE_02134",7
"GO:0072528","GO:0072528","10/146","23/986",0.434782608695652,2.93627159023228,3.91536223792318,0.000764645783899069,0.0139298514545091,0.0124583020168452,"FGLBJAKE_02275/FGLBJAKE_00864/FGLBJAKE_00865/FGLBJAKE_00862/FGLBJAKE_00859/FGLBJAKE_00867/FGLBJAKE_00869/FGLBJAKE_00866/FGLBJAKE_00863/FGLBJAKE_00861",10
"GO:0009112","GO:0009112","8/146","16/986",0.5,3.37671232876712,3.99397777000747,0.000865150408641318,0.0151040842175297,0.0135084888366802,"FGLBJAKE_00219/FGLBJAKE_00723/FGLBJAKE_00719/FGLBJAKE_00709/FGLBJAKE_00862/FGLBJAKE_00867/FGLBJAKE_00863/FGLBJAKE_00861",8
"GO:0042592","GO:0042592","8/146","16/986",0.5,3.37671232876712,3.99397777000747,0.000865150408641318,0.0151040842175297,0.0135084888366802,"FGLBJAKE_01847/FGLBJAKE_01848/FGLBJAKE_01849/FGLBJAKE_01850/FGLBJAKE_01978/FGLBJAKE_01149/FGLBJAKE_02702/FGLBJAKE_01354",8
"GO:0043648","GO:0043648","7/146","13/986",0.538461538461538,3.63645943097998,3.98741326271112,0.00106996655079454,0.0182986116237924,0.0163655463837962,"FGLBJAKE_02130/FGLBJAKE_02131/FGLBJAKE_02132/FGLBJAKE_02135/FGLBJAKE_02133/FGLBJAKE_02136/FGLBJAKE_02134",7
"GO:0009163","GO:0009163","11/146","28/986",0.392857142857143,2.65313111545988,3.69792808957411,0.00115737675695127,0.0186515715831762,0.0166812196548442,"FGLBJAKE_02275/FGLBJAKE_00709/FGLBJAKE_01718/FGLBJAKE_00864/FGLBJAKE_00865/FGLBJAKE_00862/FGLBJAKE_00867/FGLBJAKE_00869/FGLBJAKE_00866/FGLBJAKE_00863/FGLBJAKE_00861",11
"GO:0042455","GO:0042455","11/146","28/986",0.392857142857143,2.65313111545988,3.69792808957411,0.00115737675695127,0.0186515715831762,0.0166812196548442,"FGLBJAKE_02275/FGLBJAKE_00709/FGLBJAKE_01718/FGLBJAKE_00864/FGLBJAKE_00865/FGLBJAKE_00862/FGLBJAKE_00867/FGLBJAKE_00869/FGLBJAKE_00866/FGLBJAKE_00863/FGLBJAKE_00861",11
"GO:1901659","GO:1901659","11/146","28/986",0.392857142857143,2.65313111545988,3.69792808957411,0.00115737675695127,0.0186515715831762,0.0166812196548442,"FGLBJAKE_02275/FGLBJAKE_00709/FGLBJAKE_01718/FGLBJAKE_00864/FGLBJAKE_00865/FGLBJAKE_00862/FGLBJAKE_00867/FGLBJAKE_00869/FGLBJAKE_00866/FGLBJAKE_00863/FGLBJAKE_00861",11
"GO:0009119","GO:0009119","11/146","29/986",0.379310344827586,2.56164383561644,3.55696769927182,0.00162917717518892,0.0257594428831757,0.0230382154664252,"FGLBJAKE_02275/FGLBJAKE_00709/FGLBJAKE_01718/FGLBJAKE_00864/FGLBJAKE_00865/FGLBJAKE_00862/FGLBJAKE_00867/FGLBJAKE_00869/FGLBJAKE_00866/FGLBJAKE_00863/FGLBJAKE_00861",11
"GO:1901607","GO:1901607","10/146","25/986",0.4,2.7013698630137,3.59055799872419,0.00166942666722711,0.0259070286506726,0.0231702102741853,"FGLBJAKE_02130/FGLBJAKE_02131/FGLBJAKE_02132/FGLBJAKE_02135/FGLBJAKE_02133/FGLBJAKE_02136/FGLBJAKE_02134/FGLBJAKE_02163/FGLBJAKE_00864/FGLBJAKE_00863",10
"GO:0006753","GO:0006753","25/146","97/986",0.257731958762887,1.74057336534388,3.20079585076468,0.00202134623815565,0.0302480026352577,0.02705260378885,"FGLBJAKE_00711/FGLBJAKE_00713/FGLBJAKE_00721/FGLBJAKE_00716/FGLBJAKE_02275/FGLBJAKE_00720/FGLBJAKE_01744/FGLBJAKE_00723/FGLBJAKE_00722/FGLBJAKE_00719/FGLBJAKE_00709/FGLBJAKE_00715/FGLBJAKE_01718/FGLBJAKE_00718/FGLBJAKE_00717/FGLBJAKE_00864/FGLBJAKE_00865/FGLBJAKE_00862/FGLBJAKE_00859/FGLBJAKE_00867/FGLBJAKE_01118/FGLBJAKE_00869/FGLBJAKE_00866/FGLBJAKE_00863/FGLBJAKE_00861",25
"GO:0009117","GO:0009117","25/146","97/986",0.257731958762887,1.74057336534388,3.20079585076468,0.00202134623815565,0.0302480026352577,0.02705260378885,"FGLBJAKE_00711/FGLBJAKE_00713/FGLBJAKE_00721/FGLBJAKE_00716/FGLBJAKE_02275/FGLBJAKE_00720/FGLBJAKE_01744/FGLBJAKE_00723/FGLBJAKE_00722/FGLBJAKE_00719/FGLBJAKE_00709/FGLBJAKE_00715/FGLBJAKE_01718/FGLBJAKE_00718/FGLBJAKE_00717/FGLBJAKE_00864/FGLBJAKE_00865/FGLBJAKE_00862/FGLBJAKE_00859/FGLBJAKE_00867/FGLBJAKE_01118/FGLBJAKE_00869/FGLBJAKE_00866/FGLBJAKE_00863/FGLBJAKE_00861",25
"GO:0009127","GO:0009127","14/146","43/986",0.325581395348837,2.19878942338324,3.34947070820422,0.00213910861276065,0.0309064313360935,0.0276414760850378,"FGLBJAKE_00711/FGLBJAKE_00713/FGLBJAKE_00721/FGLBJAKE_00716/FGLBJAKE_00720/FGLBJAKE_01744/FGLBJAKE_00723/FGLBJAKE_00722/FGLBJAKE_00719/FGLBJAKE_00709/FGLBJAKE_00715/FGLBJAKE_01718/FGLBJAKE_00718/FGLBJAKE_00717",14
"GO:0009168","GO:0009168","14/146","43/986",0.325581395348837,2.19878942338324,3.34947070820422,0.00213910861276065,0.0309064313360935,0.0276414760850378,"FGLBJAKE_00711/FGLBJAKE_00713/FGLBJAKE_00721/FGLBJAKE_00716/FGLBJAKE_00720/FGLBJAKE_01744/FGLBJAKE_00723/FGLBJAKE_00722/FGLBJAKE_00719/FGLBJAKE_00709/FGLBJAKE_00715/FGLBJAKE_01718/FGLBJAKE_00718/FGLBJAKE_00717",14
"GO:0072527","GO:0072527","10/146","26/986",0.384615384615385,2.59747102212856,3.43984557673512,0.00237180967838797,0.0329845209488983,0.0295000363215872,"FGLBJAKE_02275/FGLBJAKE_00864/FGLBJAKE_00865/FGLBJAKE_00862/FGLBJAKE_00859/FGLBJAKE_00867/FGLBJAKE_00869/FGLBJAKE_00866/FGLBJAKE_00863/FGLBJAKE_00861",10
"GO:0009116","GO:0009116","13/146","39/986",0.333333333333333,2.25114155251142,3.32214559772627,0.00244038221817625,0.0329845209488983,0.0295000363215872,"FGLBJAKE_02275/FGLBJAKE_00719/FGLBJAKE_00709/FGLBJAKE_01718/FGLBJAKE_00864/FGLBJAKE_00865/FGLBJAKE_00862/FGLBJAKE_00859/FGLBJAKE_00867/FGLBJAKE_00869/FGLBJAKE_00866/FGLBJAKE_00863/FGLBJAKE_00861",13
"GO:1901605","GO:1901605","13/146","39/986",0.333333333333333,2.25114155251142,3.32214559772627,0.00244038221817625,0.0329845209488983,0.0295000363215872,"FGLBJAKE_02130/FGLBJAKE_02131/FGLBJAKE_02664/FGLBJAKE_02132/FGLBJAKE_02135/FGLBJAKE_02133/FGLBJAKE_02136/FGLBJAKE_00719/FGLBJAKE_02134/FGLBJAKE_02163/FGLBJAKE_00717/FGLBJAKE_00864/FGLBJAKE_00863",13
"GO:1901657","GO:1901657","13/146","39/986",0.333333333333333,2.25114155251142,3.32214559772627,0.00244038221817625,0.0329845209488983,0.0295000363215872,"FGLBJAKE_02275/FGLBJAKE_00719/FGLBJAKE_00709/FGLBJAKE_01718/FGLBJAKE_00864/FGLBJAKE_00865/FGLBJAKE_00862/FGLBJAKE_00859/FGLBJAKE_00867/FGLBJAKE_00869/FGLBJAKE_00866/FGLBJAKE_00863/FGLBJAKE_00861",13
"GO:0015698","GO:0015698","5/146","8/986",0.625,4.2208904109589,3.81159206930723,0.00256594771426974,0.0341311775326673,0.0305255601096082,"FGLBJAKE_02964/FGLBJAKE_02835/FGLBJAKE_02837/FGLBJAKE_02836/FGLBJAKE_02960",5
"GO:0072521","GO:0072521","18/146","63/986",0.285714285714286,1.92954990215264,3.17758395452082,0.00269446854467383,0.0347732546471773,0.0310998082009675,"FGLBJAKE_00219/FGLBJAKE_00711/FGLBJAKE_00713/FGLBJAKE_00721/FGLBJAKE_00716/FGLBJAKE_02275/FGLBJAKE_00720/FGLBJAKE_01744/FGLBJAKE_00723/FGLBJAKE_00722/FGLBJAKE_00719/FGLBJAKE_00709/FGLBJAKE_00715/FGLBJAKE_01718/FGLBJAKE_00718/FGLBJAKE_00717/FGLBJAKE_00862/FGLBJAKE_01118",18
"GO:0009126","GO:0009126","14/146","44/986",0.318181818181818,2.14881693648817,3.24867761926331,0.00273870501994475,0.0347732546471773,0.0310998082009675,"FGLBJAKE_00711/FGLBJAKE_00713/FGLBJAKE_00721/FGLBJAKE_00716/FGLBJAKE_00720/FGLBJAKE_01744/FGLBJAKE_00723/FGLBJAKE_00722/FGLBJAKE_00719/FGLBJAKE_00709/FGLBJAKE_00715/FGLBJAKE_01718/FGLBJAKE_00718/FGLBJAKE_00717",14
"GO:0009167","GO:0009167","14/146","44/986",0.318181818181818,2.14881693648817,3.24867761926331,0.00273870501994475,0.0347732546471773,0.0310998082009675,"FGLBJAKE_00711/FGLBJAKE_00713/FGLBJAKE_00721/FGLBJAKE_00716/FGLBJAKE_00720/FGLBJAKE_01744/FGLBJAKE_00723/FGLBJAKE_00722/FGLBJAKE_00719/FGLBJAKE_00709/FGLBJAKE_00715/FGLBJAKE_01718/FGLBJAKE_00718/FGLBJAKE_00717",14
"GO:0016879","GO:0016879","11/146","31/986",0.354838709677419,2.39637649138312,3.29182386841261,0.00304449106120315,0.0380788583475857,0.0340562079430738,"FGLBJAKE_00854/FGLBJAKE_00716/FGLBJAKE_00720/FGLBJAKE_01744/FGLBJAKE_00723/FGLBJAKE_00715/FGLBJAKE_00718/FGLBJAKE_01377/FGLBJAKE_00717/FGLBJAKE_00864/FGLBJAKE_00863",11
"GO:0004642","GO:0004642","3/146","3/986",1,6.75342465753425,4.15877283808985,0.00318988558652383,0.0393106488456907,0.0351578720991481,"FGLBJAKE_00716/FGLBJAKE_00718/FGLBJAKE_00717",3
"GO:0009152","GO:0009152","16/146","56/986",0.285714285714286,1.92954990215264,2.98455886393316,0.00469594982095649,0.0570319702892976,0.0510071132344931,"FGLBJAKE_00711/FGLBJAKE_00713/FGLBJAKE_00721/FGLBJAKE_00716/FGLBJAKE_02275/FGLBJAKE_00720/FGLBJAKE_01744/FGLBJAKE_00723/FGLBJAKE_00722/FGLBJAKE_00719/FGLBJAKE_00709/FGLBJAKE_00715/FGLBJAKE_01718/FGLBJAKE_00718/FGLBJAKE_00717/FGLBJAKE_01118",16
"GO:0006979","GO:0006979","5/146","9/986",0.555555555555556,3.75190258751903,3.45590606613888,0.00508842123699793,0.0609156713800609,0.0544805401615417,"FGLBJAKE_01466/FGLBJAKE_02166/FGLBJAKE_02125/FGLBJAKE_01880/FGLBJAKE_01978",5
"GO:0006164","GO:0006164","16/146","57/986",0.280701754385965,1.8956981494833,2.90299406478109,0.00569736708002868,0.0663110224036671,0.0593059263301231,"FGLBJAKE_00711/FGLBJAKE_00713/FGLBJAKE_00721/FGLBJAKE_00716/FGLBJAKE_02275/FGLBJAKE_00720/FGLBJAKE_01744/FGLBJAKE_00723/FGLBJAKE_00722/FGLBJAKE_00719/FGLBJAKE_00709/FGLBJAKE_00715/FGLBJAKE_01718/FGLBJAKE_00718/FGLBJAKE_00717/FGLBJAKE_01118",16
"GO:0009150","GO:0009150","16/146","57/986",0.280701754385965,1.8956981494833,2.90299406478109,0.00569736708002868,0.0663110224036671,0.0593059263301231,"FGLBJAKE_00711/FGLBJAKE_00713/FGLBJAKE_00721/FGLBJAKE_00716/FGLBJAKE_02275/FGLBJAKE_00720/FGLBJAKE_01744/FGLBJAKE_00723/FGLBJAKE_00722/FGLBJAKE_00719/FGLBJAKE_00709/FGLBJAKE_00715/FGLBJAKE_01718/FGLBJAKE_00718/FGLBJAKE_00717/FGLBJAKE_01118",16
"GO:0072522","GO:0072522","16/146","58/986",0.275862068965517,1.86301369863014,2.82301118015634,0.00686625185705275,0.0788208089891809,0.0704941791235985,"FGLBJAKE_00711/FGLBJAKE_00713/FGLBJAKE_00721/FGLBJAKE_00716/FGLBJAKE_02275/FGLBJAKE_00720/FGLBJAKE_01744/FGLBJAKE_00723/FGLBJAKE_00722/FGLBJAKE_00719/FGLBJAKE_00709/FGLBJAKE_00715/FGLBJAKE_01718/FGLBJAKE_00718/FGLBJAKE_00717/FGLBJAKE_01118",16
"GO:0090407","GO:0090407","25/146","106/986",0.235849056603774,1.59278883432411,2.69194703917812,0.00747450375348818,0.0846437046678796,0.0757019441320567,"FGLBJAKE_00711/FGLBJAKE_00713/FGLBJAKE_00721/FGLBJAKE_00716/FGLBJAKE_02275/FGLBJAKE_00720/FGLBJAKE_01744/FGLBJAKE_00723/FGLBJAKE_00722/FGLBJAKE_00719/FGLBJAKE_00709/FGLBJAKE_00715/FGLBJAKE_01718/FGLBJAKE_00718/FGLBJAKE_00717/FGLBJAKE_00864/FGLBJAKE_00865/FGLBJAKE_00862/FGLBJAKE_00859/FGLBJAKE_00867/FGLBJAKE_01118/FGLBJAKE_00869/FGLBJAKE_00866/FGLBJAKE_00863/FGLBJAKE_00861",25
"GO:0008652","GO:0008652","10/146","30/986",0.333333333333333,2.25114155251142,2.89996682246733,0.0078486134864595,0.0876951746887075,0.0784310568752163,"FGLBJAKE_02130/FGLBJAKE_02131/FGLBJAKE_02132/FGLBJAKE_02135/FGLBJAKE_02133/FGLBJAKE_02136/FGLBJAKE_02134/FGLBJAKE_02163/FGLBJAKE_00864/FGLBJAKE_00863",10
"GO:0043650","GO:0043650","5/146","10/986",0.5,3.37671232876712,3.14779622552303,0.00897359847036678,0.0976607210151606,0.0873438429378147,"FGLBJAKE_02132/FGLBJAKE_02135/FGLBJAKE_02133/FGLBJAKE_02136/FGLBJAKE_02134",5
"GO:0046112","GO:0046112","5/146","10/986",0.5,3.37671232876712,3.14779622552303,0.00897359847036678,0.0976607210151606,0.0873438429378147,"FGLBJAKE_00723/FGLBJAKE_00719/FGLBJAKE_00867/FGLBJAKE_00863/FGLBJAKE_00861",5
